Gene,Component
10261,0
654816,0
10589,0
23569,0
9445,0
976,0
2207,0
2319,0
8794,0
7127,0
829,0
10105,0
7045,0
306,0
3577,0
963,0
5315,0
81622,0
51246,0
8875,0
64386,0
2876,0
7453,0
25801,0
440926,0
5329,0
4048,0
4542,0
3579,0
533,0
5034,0
7094,0
51816,0
8870,0
84418,0
7879,0
7832,0
9535,0
51170,0
387,0
150372,0
7456,0
6494,0
967,0
978,0
292,0
10956,0
23401,0
3055,0
5226,0
1522,0
3105,0
1192,0
10581,0
3162,0
7086,0
6281,0
84243,0
407008,0
9750,0
3136,0
91543,0
2353,0
79143,0
1032,0
26234,0
80325,0
5836,0
4947,0
23166,0
84658,0
90007,0
101927015,0
4318,0
10109,0
3020,0
3557,0
56905,0
9314,0
5089,0
8519,0
10135,0
83931,0
4125,0
11151,0
199675,0
11240,0
54625,0
5878,0
7408,0
2787,0
6778,0
342510,0
140885,0
5199,0
4814,0
2771,0
79887,0
3398,0
7295,0
2219,0
10577,0
115727,0
116496,0
5341,0
6888,0
10437,0
4778,0
100507006,0
50486,0
92799,0
3433,0
567,0
3957,0
2217,0
27128,0
427,0
8407,0
91544,0
255809,0
2512,0
8291,0
6386,0
100500853,0
55196,0
527,0
1848,0
51291,0
604,0
219972,0
3936,0
8301,0
6397,0
54458,0
7846,0
8334,0
10097,0
51312,0
11337,0
1520,0
9636,0
64218,0
3965,0
4940,0
3385,0
290,0
10376,0
826,0
3956,0
3021,0
283349,0
6688,0
91300,0
1441,0
2268,0
9123,0
7940,0
409,0
10957,0
1051,0
440836,0
9473,0
23258,0
6402,0
23558,0
109729184,0
54918,0
645,0
10094,0
83719,0
1912,0
64115,0
10221,0
5660,0
6653,0
4069,0
29992,0
10875,0
3133,0
29108,0
9103,0
1265,0
5265,0
706,0
284454,0
57136,0
81628,0
6398,0
240,0
254896,0
5355,0
8724,0
5997,0
1072,0
653361,0
8992,0
102465993,0
339287,0
9802,0
4600,0
2752,0
1116,0
10211,0
4082,0
375,0
113218500,0
5008,0
308,0
100302254,0
4046,0
407013,0
65220,0
6279,0
3684,0
23214,0
103910,0
4478,0
4332,0
1471,0
2783,0
241,0
3304,0
8743,0
6280,0
2124,0
6277,0
9111,0
112694756,0
81671,0
6303,0
1955,0
1200,0
7791,0
5698,0
8826,0
112268246,0
55313,0
3689,0
9516,0
5777,0
23406,0
3101,0
83442,0
9021,0
116844,0
8778,0
152007,0
87,0
116985,0
120892,0
6813,0
5552,0
6286,0
396,0
100507419,0
654817,0
929,0
729737,0
3015,0
9260,0
9246,0
1439,0
723790,0
7454,0
144423,0
4599,0
5580,0
10409,0
3927,0
120425,0
9935,0
3665,0
3614,0
64581,0
1378,0
4689,0
1475,0
5743,0
7090,0
100507347,0
8337,0
3434,0
8125,0
84875,0
682,0
3059,0
10312,0
353514,0
2634,0
79180,0
271,0
407010,0
5829,0
23586,0
1992,0
4067,0
57153,0
284996,0
2907,0
54518,0
26020,0
54210,0
22904,0
8347,0
79168,0
9170,0
1890,0
9114,0
8650,0
6556,0
552891,0
4210,0
51056,0
597,0
55911,0
8843,0
249,0
4084,0
5724,0
64744,0
1536,0
6282,0
6275,0
1509,0
6890,0
397,0
133,0
4792,0
257106,0
6404,0
102465513,0
3934,0
2357,0
126308,0
5899,0
8338,0
752,0
10346,0
64333,0
200315,0
80301,0
146225,0
64231,0
23347,0
3553,0
391,0
7009,0
2214,0
55505,0
968,0
63940,0
8972,0
7431,0
79930,0
25797,0
89849,0
3716,0
1508,0
4627,0
100506115,0
407018,0
60,0
5538,0
1462,0
1026,0
7132,0
10561,0
2180,0
1973,0
3303,0
89846,0
2885,0
89790,0
2014,0
199,0
301,0
2867,0
170954,0
8698,0
2950,0
9997,0
3576,0
9770,0
389541,0
7305,0
366,0
4615,0
3726,0
23218,0
59342,0
51734,0
57085,0
3687,0
6348,0
126014,0
10095,0
8993,0
506,0
1316,0
3106,0
11314,0
2212,0
4688,0
2790,0
10487,0
2215,0
53917,0
2597,0
23645,0
5880,0
83706,0
2533,0
3482,0
728,0
162466,0
334,0
677,0
4946,0
5093,0
100616211,0
2280,0
5788,0
4179,0
6195,0
26578,0
837,0
5175,0
3310,0
10288,0
2537,0
6446,0
84106,0
51411,0
53829,0
3430,0
84649,0
126364,0
1843,0
2495,0
9056,0
3958,0
56729,0
7805,0
2023,0
60675,0
3107,0
9961,0
2354,0
7462,0
8349,0
338442,0
6648,0
8638,0
11025,0
57580,0
1230,0
6283,0
5691,0
7439,0
137835,0
7076,0
3428,0
948,0
2896,0
51191,0
7133,0
101,0
9046,0
1052,0
1084,0
4637,0
3437,0
2358,0
8031,0
4170,0
4538,1
4574,1
4514,1
4535,1
4512,1
113219467,1
4513,1
4553,1
4536,1
4570,1
4519,1
4540,1
4579,1
4509,1
4511,1
4556,1
4508,1
4537,1
4541,1
4539,1
3042,2
3043,2
2987,2
2995,2
212,2
4558,2
4572,2
4573,2
4577,2
3039,2
100128731,2
4566,2
25793,2
23770,2
3040,2
7314,2
3045,2
51629,2
4550,2
4563,2
4549,2
7311,2
4569,2
4568,2
51094,2
974,3
256236,3
115650,3
28912,3
102466889,3
3127,3
28796,3
3507,3
972,3
951,3
28949,3
28833,3
28395,3
28476,3
8115,3
28475,3
3512,3
3122,3
3108,3
28815,3
28483,3
3109,3
28948,3
28474,3
3502,3
28816,3
28914,3
100616276,3
3113,3
28930,3
28908,3
973,3
3115,3
28452,3
2208,3
3500,3
28479,3
28299,3
28477,3
28478,3
3117,3
933,3
28481,3
3501,3
115350,3
28468,3
28831,3
100616422,3
3538,3
3514,3
28947,3
283663,3
28946,3
3495,3
28388,3
55024,3
199786,3
28444,3
3539,3
3494,3
102465871,3
28442,3
930,3
28394,3
28825,3
28439,3
28913,3
3112,3
28434,3
28950,3
9308,3
100616259,3
3123,3
931,3
640,3
100616374,3
3537,3
102723169,3
28392,3
28485,3
3493,3
100847070,3
3394,3
28813,3
5026,3
28832,3
100616164,3
6223,4
6152,4
4302,4
53637,4
9349,4
2197,4
60674,4
100093630,4
3178,4
6144,4
3187,4
10417,4
113791,4
343413,4
9301,4
6133,4
6154,4
6430,4
864,4
26986,4
6134,4
28625,4
6188,4
6147,4
9045,4
6157,4
28624,4
8473,4
28523,4
1915,4
6156,4
6173,4
6166,4
689,4
28622,4
100500804,4
29997,4
51348,4
6160,4
2113,4
3326,4
114823,4
4145,4
1975,4
106635684,4
51466,4
5187,4
286257,4
6844,4
10541,4
1043,4
27335,4
6125,4
6202,4
7184,4
106635683,4
6137,4
10399,4
8718,4
924,4
30009,4
23524,4
2316,4
6130,4
27040,4
6135,4
1933,4
6175,4
6194,4
3727,4
6129,4
6165,4
1606,4
6128,4
10123,4
83888,4
7178,4
3560,4
6159,4
3001,4
6352,4
28623,4
6201,4
1350,4
22914,4
28755,4
28984,4
1937,4
6141,4
1938,4
387066,4
6230,4
100529239,4
6167,4
28633,4
28634,4
374403,4
102724428,4
6161,4
50854,4
1974,4
51119,4
728658,4
6432,4
3683,4
3945,4
54543,4
10209,4
6170,4
100131205,4
100616387,4
100500849,4
3820,4
28638,4
5790,4
5204,4
811,4
6209,4
6351,4
4929,4
28629,4
6207,4
147138,4
9297,4
28630,4
619567,4
3004,4
914,4
84958,4
28635,4
4118,4
100302285,4
100528032,4
6217,4
1327,4
6181,4
59307,4
26815,4
3932,4
3337,4
23642,4
10235,4
923,4
4736,4
3575,4
4869,4
11224,4
6210,4
51386,4
6171,4
53827,4
5252,4
6234,4
3002,4
692227,4
25777,4
9302,4
6232,4
6208,4
1195,4
6146,4
6203,4
28632,4
1655,4
6132,4
28627,4
6193,4
5551,4
6222,4
6206,4
3646,4
28626,4
652965,4
28526,4
6138,4
5757,4
9289,4
10578,4
9168,4
6204,4
1731,4
1153,4
100422885,4
9806,4
6224,4
6139,4
23521,4
6625,4
81926,4
6176,4
100526842,4
166,4
28631,4
6187,4
919,4
6142,4
6168,4
9987,4
28637,4
652966,4
100616408,4
28522,4
9235,4
916,4
109617006,4
6218,4
801,4
1236,4
606500,4
693221,4
6122,4
6427,4
962,4
915,4
3921,4
664709,4
6191,4
6205,4
106635533,4
6124,4
6136,4
5920,4
6169,4
6155,4
6227,4
28639,4
100616345,4
4691,4
1521,4
2999,4
2091,4
28628,4
10801,4
91304,4
7535,4
373156,4
116936,4
6229,4
8666,4
293,4
4818,4
7128,4
3312,4
5996,4
26781,4
3181,4
6143,4
113218487,4
3702,4
26778,4
6164,4
6228,4
9304,4
6158,4
9138,4
51669,4
9298,4
25873,4
28567,4
6189,4
6233,4
4502,5
4501,5
4493,5
3048,6
3047,6
100008588,7
109864280,7
106631777,7
109910380,7
109864279,7
100861532,7
109864272,7
109910379,7
106632264,7
109864273,7
100008589,7
106631781,7
112268284,7
109864282,7
109910382,7
109864271,7
3119,8
106480429,8
728358,9
1667,9
1668,9
4061,10
684,10
8553,11
3309,11
4900,12
5473,12
7040,13
9368,13
109910381,14
106632260,14
109864281,14
1649,15
693201,15
